{
  "max_resp": {
    "dsn": "tstore",
    "query": "select\r\n    'ping' as \"m:ping\",\r\n    time::timestamptz at time zone 'UTC' as \"t:time\",\r\n    value as \"f:max_resp\",\r\n    val(url_id) as \"l:url\",\r\n    val(host_id) as \"l:host\",\r\n    '{HOST}' as \"l:source\"\r\nfrom\r\n    ping_maximum_response_ms\r\nwhere\r\n    time > '{LAST_DATA_TIME}'\r\norder by\r\n    time desc\r\nlimit\r\n    30",
    "last_data": null,
    "interval": 1.0,
    "last_execution": null
  },
  "spurge": {
    "dsn": "tstore",
    "query": "select\t\r\n\t6 as \"f:max_resp\",\r\n\t7 as \"f:min_v\",\r\n\tcurrent_timestamp as \"t:time\"",
    "last_data": null,
    "interval": 1.0,
    "last_execution": null
  },
  "demodata": {
    "dsn": "demodata",
    "query": "select\r\n\t[Name] as \"m:tagname\",\r\n\t[Timestamp] as \"t:Timestamp\",\r\n\t[Value] as \"f:Temperature\",\r\n\t[Value] as \"f:value\",\r\n\t'{HOST}' as \"l:source\"\r\nfrom\r\n\t[TimeSeriesData] d,\r\n\t[TimeSeriesTags] t\r\nwhere\r\n\td.[ID] = t.[ID]\r\nand\r\n\t[Timestamp] between\r\n\t\tcurrent_timestamp - 5.0/60.0/24.0\r\n\t\tand\r\n\t\tcurrent_timestamp\r\norder by [Timestamp] desc",
    "last_data": null,
    "interval": 1.0,
    "last_execution": null
  }
}